year,Ms Alison Patricia Mutch OBE,Mr Professor John S Pollard,Ms Mary Hassell,Mr Ian Potter,Mr Tom Osborne,Mr graeme Irvine,Mr David Donald William Reid,Mr Alan Peter Walsh,Dr Andrew Harris,Mr Kevin McLoughlin,Mr Andrew Walker,Mrs Jacqueline F Lake,Mr Andrew Cox,Mr John Gittins,Ms Nadia Persaud,Mr Darren Stewart OBE,Dr Richard Ian Brittain,Ms Sonia Marie Hayes,Mr Timothy William Brennand,Mr Chris Morris,Ms Lisa Jeanette Hashmi,Mr Zafar Siddique,Mr David Clark Horsley,Dr Karen Henderson,Dr Fiona Jane Wilcox,Ms Joanne Kearsley,Mrs Caroline Beasley-Murray OBE,Mrs Louise Hunt,Ms Caroline Saunders,Mr Nigel Parsley,Mr Andrew Tweddle,Mr Andrew Roger Barkley,Mrs lydia brown,Miss Veronica HAMILTON-DEELEY,Mr Derek Winter OBE DL,Mr Andrew Adrian Haigh,Miss Emma Brown,Ms Kate Robertson,Mr Guy Davies,Mr David William Graham RIDLEY,Ms Katy Skerrett,Dr Séan Cummings,Ms Nicola Jane Mundy,Mr Paul Vernon Marks,Ms Penelope Schofield,Elizabeth Carlyon,Mr Martin Dominic Fleming,Mr Richard Travers,Miss Emma Serrano,R J Balmain,Mr Michael Singleton,Mrs Joanne Andrews,Mr Ian Geoffrey Pears,Mr Geraint Williams,David Hinchcliff,Miss Anna Crawford,Mrs Samantha Marsh,Mrs Heidi Julia Connor,Mr James Bennett,Mr Sean Kevan Horstead,Dr Elizabeth A Earland,Miss Caroline Topping,Mr Hassan Shah,Mr David Place,Mrs Rachael Clare Griffin,Mr Oliver Robert Longstaff,Mr Joseph Turner,Mr Alan Wilson,Mr Robert Cohen,Mrs Joanne Lees,Stephanie Haskey,Mrs Maria Eileen Voisin,Mr Gordon Clow,Ms Sarah Bourke,Ms Abigail Combes,Mr Adam Hodson,Mrs Emma Elizabeth Whitting,Katie Sutherland,Mr Robert Simpson,Miss Laurinda Bower,Ms Selena R Lynch,Miss Janine Richards,Mrs Charlotte Keighley,Jennifer Leaming,Margaret Jones,Miss Sally Anne Robinson,Miss Rachel Elisabeth Knight,Ms Melanie Lee,Dr Elizabeth Didcock,Mr Peter Nieto,Mrs Jean Harkin,Ms Catherine McKenna,Mr Jason Pegg,Mr Christopher John Long,Mrs Lauren Costello,Ms Susan Ridge,Ms Jacqueline P Devonish,Mr Andrew Michael Bridgman,Mr Nigel Meadows,Mrs Catherine Mason,Mr Crispin Oliver,Mr J Mark Layton,Mr Richard Thomas Middleton,Mrs Samantha Goward,Mr André Rebello OBE,Melanie Williamson,Mr HG Mark Bricknell,Dr Nicholas Alastair Shaw,Miss Lorraine Harris,Ms jessica russell-mitra,Mrs LINDA KAREN HADFIELD LEE,Donald Coutts-Wood,Dr Alexander Robert Walker Forrest,Dr David J Osborne,Dr Peter Harrowing,Dr Peter Dean,Mr DAVID LLEWELYN ROBERTS,Ms Catherine Wood,Mr Paul Stanford Cooper,Mr SIMON NELSON,Mr Brendan Joseph Allen,Mr Tony Brown,Mr Robert Chapman,Mrs Tanyka Samantha Rawden,Mr Ian Arrow,Mrs Rebecca Sutton,Mrs Elizabeth Wheeler,Mrs Karen Dilks,Ms Alexandra Pountney,Mr Edward G Thomas,Mr Mark Andrew Beresford,Ms Yvonne Kathleen Blake,Miss Wendy James,Ms Anna Morris,Lorna Tagliavini,Mr Darren Michael Salter,Ms Jyoti Gill,Mrs SARAH LOUISE SLATER,Mr Nicholas Walker,Mr Nathanael James Hartley,Ms Patricia Harding,Mr Philip Barlow,Mr David Lewis,Mr Stephen Simblet KC,Mr Philip Spinney,David Urpeath,Mrs Caroline Sarah Sumeray,Ms Sophie Lomas,Dr Liliane Marthe Field,Mr Geoffrey Sullivan,Mr Crispin Giles Butler,Miss Sarah Murphy,Mr Michael James Pemberton,Mr David Regan,Ms Mary T Burke,Mr Andrew Philip Hetherington,Mr Nicholas Graham,Mr Graeme David Hughes,Mrs Helen Rachel Redman,Richard A Hulett,Mr Peter J Bedford,Mr Simon Wickens,Mr Stuart P G Fisher,Christopher Woolley,Mr Peter Judge,Mr Simon Milburn,Ms Vanessa McKinlay,Mrs Marilyn Whittle,Mrs Priya Malhotra,Mr S. McGovern,Mr Nicholas Leslie Rheinberg,Mr Andrew David Cousins,Mrs Krestina Hayes,Dr E. Emma Carlyon,Mr Jacques Howell,Christopher Murray,Mr Aled Wyn Gruffydd,Mr Zak Golombeck,Miss Sian Reeves,Mr Alan R Craze,Mrs Anita Bhardwaj,Miss Alison McCormick,Mr Henry Frederick Charles,Miss Kerrie Burge,Mr Jeremy Chipperfield,Mr Ian Brownhill,Mr James Edward Thompson,Mr Jonathan D P Stevens,Mr Paul John Rogers,Mr Peter Taheri,Mr Nicholas Moss QC,Mr Scott Matthewson,Ms Katy Ainge,Mr Gavin Knox,Mr Adrian John Farrow,Ms Deborah Archer,Ms Joy Michelle Brown OBE,Miss Isobel Thistlethwaite,Miss Fiona Butler,Miss Clare Bailey,Mrs Laura May Bradford,Ms Catherine Cundy,Mr Colin Phillips,Mrs Anna Loxton,Mrs Victoria Davies,Miss Rachel Raheela Syed,Miss Amanda Jane Bewley,Dr Nick Armstrong KC,Dr James Adeley,Miss Ana samuel,Mr Edwin Buckett,Mrs Angela Carol Brocklehurst,Dr Julian Rupert Laurence Morris,Mrs Anne Pember,Michael Spencer,Dr Peter Henry Straker,Mr Tim Holloway,Mr Roger Linton Hatch,Dr Simon Fox QC,Miss CARLY ELIZABETH HENLEY,Mr John Penhale Ellery,Mr Terence Carney,Mr Paul Duncan Smith,Mr Ian Smith,Dr Roy N Palmer,Mrs Dianne Hocking,Mr Thomas Crookes,Michael R Rose,Ms Rebecca Margaret COBB,Mr Dewi Pritchard Jones,Ms Leila Benyounes,John Tomalin,Miss Sarah Anna Middleton,Miss Bina Patel,Mrs kirsten heaven,Mr Edward Steele,Mr Grahame Antony Short,Mr Rob Sowersby,Mr Mr Roland Wooderson,Mrs Deborah Suzanne Rookes,Miss Sarah Riley,Mr Michael Wall,Mr Stephen Covell,Mr Paul Michael Appleton,Mr Benjamin John Myers,Mr Christopher Dorries,Mr Nicholas Lane,Mr John Hobson,Mr Jonathan Richard Heath,Claire Hammond,Claire Balysz,Chinyere Inyama,Ms Jenny Goldring,Anthony Curzon,William Coverdale,Mr Kimberley Ian Singleton,Mr Jonathan Dixey,Dr Bridget Dolan KC,Mr Matthew Kewley,Miss Elizabeth Dudley-Jones,Mr Xavier Mooyaart,Miss Kirsty Gomersal,Mr Simon Connolly,Miss Lorna Jane Skinner QC,Mr Stephen George Eccleston,Julie Robertson,Mrs Alison Norton,Dr Robert Hunter,Mr Matthew A Cox,Ms Alison Brydie Hewitt,Mr James Healy-Pratt,John Woolley,Miss Sarah Clarke,Timothy H Ratcliffe,Mrs Alison Longhorn,Miss Jessica Swift,Gail Elliman,Mr Alan Moore,Mr james puzey,Miss Sabyta Kaushal,Mr Simon Nicholas Burge,Mr David Pojur,Mrs Deborah Rachel Lakin,Terence Moore,Mr Adam Smith,Miss Georgina Nolan,Miss Susan Evans,Dr Anton van Dellen,Dr Shirley Radcliffe,Miss Caroline Margaret Jones,Andrew Thompson,Anthony Eastwoods,Mrs Karen Taylor,Mr Sheriff S Payne,Dr Jeane Rosa Mellani,Mr Duncan Ritchie,Mr Christopher Campbell Wilkinson,Ms Nicola Jones,Ms Julie Alison Goulding,Mr Martin Lanchester,Mr Delroy Henry,Mr John C Taylor,Sara Lewis,Mr Gareth jones,Mr Stephen John Nicholls,Mr Alexander Miles Frodsham,"Mr Michael J C Burgess CVO, OBE",Mr Harry Nathaniel Lambert,Mrs Eleanor Kay McGann,Mr Daniel Howe,Mr Ian Wade KC,Richard Furniss,Ms Fiona Borrill,Ms Angharad Davies,Mr Tony Williams,Mr christopher paul williams,Mr Jonathan David Leach,Mr Heath Westerman,Ms Elizabeth Gray,Ian Boyes,Mr Simon Brenchley,Ms Hannah Godfrey,Ms Heather Williams,Mr Andrew Morse,Mr Peter Sigee,Dr Daniel Sharpstone,Ms Henrietta Hill QC,Mrs Patricia Claire Morgan,R .David Crawford Clarke,Ms Rebecca Anne Mundy,Ms Rebecca Ollivere,Ms Ellie Oakley,Christina Swann,Miss Lisa Judge,Dr Murray James Spittal,Mr Lincoln Brookes,Miss Miss Briony Ballard,Mrs Emma Hillson,Philip Sharp,Mrs Hannah Victoria Berry,Ms Louise Wiltshire,Andrew McNamara,Mr Simon Tait,Miss Kate Thomas,Miss Sarah Jane Wood,Miss Bronia Elisabeth Hartley,Miss Louise Pinder,Miss Thea Wilson,Miss Naomi McLoughlin,Mrs Patricia Morgan,Mrs Helen Rimmer,Mrs Emma Mather,Mr Alan James Blunsdon,Mrs Rosamund Rhodes-Kemp,Mrs Lindsey Tonks,Ms Marianne Johnson,Ms Paramdeep Bains,Dr Leslie Hamilton,Ms Valerie Charbit,Mrs Michaela Amy Blackmore,Mr Ivor Collett,Mr Ian Christopher James Dreelan,Ms Sarah Huntbach,Mr Edward Ramsay,Mr Edmund Gritt,Ms Susanna Rickard,Ms Johanna Thompson,Ms Katrina Hepburn,Ms KATY THORNE KC,Mr David Heming,Mr David Manknell KC,Mr Frazer Stuart,Mr Frazer James MacBeth Stuart,Mr Carl John FITCH,Ms Judith Vanessa Leach,Mrs Sarah L. Whitby,Mr Mr P J Bennett,Ms Anita Davies,Mr Gareth Lewis,Ms Hannah Hinton,Mr Keith Morton QC,Ms Fleur Hallett,Mr Grant Davies,Mr Peter Anthony (Tony) Murphy,Mr Bernard Richmond QC,Miss Kelly Elizabeth Dixon,Miss Jayne Wilkes,Mrs Gaynor Kynaston,Miss Deborah Sewell,Mr Sebastian Hugh Joseph Naughton,Mrs Jo Wharton,Mr Ivan Cartwright,Miss Sunyana Sharma,Mr Robin Weyell,Miss Louise E Rae,Miss Luisa Maria Nicholson,Miss Michelle Haste,Mr Mark Armitage,Ms Myfanwy Buckeridge,Mrs Rebecca Connell,Ms Rachel Spearing,Mr Christopher Leach,Mrs LOUISA ALICE ELIZABETH JONES CORCORAN,Ms Samantha Broadfoot,Ms Saba Naqshbandi,Belinda Cheney,Dr Rashid Sohail,Christopher Sutton-Mattocks,Angela Hodes,Paul O'Donnell,HHJ Loraine-Smith,Miss Sarah Ormond-Walshe,Miss Sophie Cartwright KC,Maria Mulrennan,Henrietta Hills QC,Dr Marc Lindsey Leeming,David Skipp,Mr Thomas Richard Geoffrey Leeper,Mr Philip Anthony Holden,Mr John Joseph Buckley,Mr Anthony Mazzag,Miss Laura Nash,Mr Russell Ashley Caller,Mr Joseph Hart,Jane Gillespie,HHJ Mark Lucraft QC,Edward Solomons,Mr Rob Turnbull,Mr Paul Kelly,Mr Nick Seán Stanage,Dame Linda Dobbs,Ms Gemma Brannigan,Sir Peter Thornton QC,Ms Gilva Dagmar Jane Tisshaw,Cdr. Richard Marshall RN,Michael Snell,Michael Kendall,Karon Monaghan,HHJ Keith Cutler CBE,Eric Armstrong,Elizabeth Pygott,Dr Sam Bass,David James,Mr DAVID MORRIS,Wm J Armstrong OBE,William R Morris,Mr Geoffrey M. Saul,Kevin Paul Sutton,Julian Fox,Mr Neil Cameron,Mr Paul B Matthews,Mr John Matthews,Rosemary Jane Baxter,Ms Jan Alam,Mr Tony Badenoch,Mr Richard G Taylor,Miss Karin Elizabeth Welsh,Trevor Kirkland,Siobhan Kelly,Simon Allen,Sian Scott Jones,Samuel James Faulks,Raymond Curtis,Philip Rogers,N G Gardiner,C W Malcolm Donnelly,Martin Gotheridge,Laura Wendy Johnson,John Sleightholme,J Hamilton,Elaine Moloney,Mr Craig Smith,Mrs Claire Welch,Mr Tom Stoate,Ms Fiona King,Joan Broadbridge,HH Judge Munro QC,Dr M D Dominic Bell,Dr Edward Patrick Morgan KC,Mr Peter Brunton,Mr Jake Taylor,Mrs Julie Mitchell,Miss Neena Sharma,Miss Janine Wolstenholme,Mr Martin Douglas Oldham,J Robinson,Alison Owen,Simon Ward,Neil Joseph Cronin,Mr James Hargan,Miss Georgina Gibbs,Fiona Malek,Dr Sean Cummings
2013,1,2,5,0,4,0,0,2,4,0,3,0,2,4,1,0,1,0,0,0,0,0,0,0,0,1,0,2,0,0,2,0,2,0,1,5,0,0,0,2,0,0,0,0,0,0,2,0,0,1,1,0,0,3,1,0,0,1,0,0,1,0,0,0,0,0,0,3,0,0,0,2,0,0,0,0,0,0,0,0,1,0,0,2,0,0,0,0,0,0,0,0,0,0,0,0,0,0,2,1,0,1,0,0,2,2,0,0,0,0,0,1,2,0,0,0,3,0,0,1,0,0,1,0,0,0,0,0,0,1,1,0,0,0,0,0,0,0,0,0,0,1,0,0,0,0,0,0,0,0,0,0,0,0,0,0,2,0,2,0,0,0,1,0,0,0,0,0,0,0,1,0,0,0,0,0,0,0,0,0,0,0,0,0,0,0,0,0,0,0,0,0,0,0,0,0,0,0,0,1,0,0,0,0,0,0,0,0,0,0,0,0,0,0,0,0,0,0,0,0,1,1,0,2,2,0,0,2,0,0,0,0,0,0,0,0,0,0,0,0,0,0,0,0,0,2,0,0,0,0,0,2,0,0,0,0,0,0,0,2,0,0,0,0,0,0,0,1,0,1,0,2,0,0,0,0,1,0,0,0,0,0,0,2,0,0,0,0,0,0,0,0,0,2,0,0,1,0,0,0,0,1,0,0,0,0,2,0,0,0,0,0,0,0,0,0,0,0,0,0,0,0,0,0,0,0,0,0,0,0,0,0,0,0,0,0,0,0,0,0,0,0,0,0,0,0,0,0,0,0,0,0,0,0,0,0,0,0,0,0,0,0,0,0,0,0,0,0,0,0,0,0,0,0,0,0,0,0,0,0,0,0,0,0,0,0,0,0,0,0,0,0,0,0,0,0,0,0,0,0,0,0,0,0,0,1,0,0,0,0,0,1,1,0,0,0,0,0,0,0,0,0,0,0,1,0,0,1,1,0,0,0,0,0,0,0,0,0,0,0,0,0,0,0,1,1,1,1,1,1,0,0,0,0,0,0,0,0,0,0,0,0,0,0,0,0,0,0,0,0,0,0,0,0,0,0,0,0,0,0,0,0,0,0,0,0,0,0,0,0,0,0,0
2014,0,31,18,0,16,0,0,5,14,2,12,12,5,12,3,0,12,0,0,0,11,4,11,10,10,10,8,6,0,0,9,5,7,9,8,8,0,0,0,8,0,1,4,1,2,1,7,7,0,7,3,0,1,3,7,0,0,3,0,0,4,0,1,0,0,0,0,6,0,0,2,5,0,0,0,0,0,0,0,0,4,0,0,5,3,0,0,0,0,0,1,1,1,0,0,0,1,1,2,2,2,4,0,0,5,5,0,0,0,0,0,5,5,5,2,5,5,0,1,5,0,5,5,0,4,0,0,1,0,4,0,0,4,0,4,4,0,0,0,0,1,3,0,0,0,0,4,0,0,0,0,0,0,0,2,0,1,1,4,4,4,2,3,3,2,0,0,0,0,4,1,0,0,0,0,0,0,0,0,1,0,0,0,0,1,0,0,0,0,0,0,0,0,0,0,0,0,0,0,3,0,0,1,0,0,0,0,0,0,0,0,0,0,1,0,0,0,0,1,0,3,3,0,3,3,0,0,3,3,0,0,2,0,0,0,0,1,0,0,0,0,0,0,0,0,1,0,0,0,0,0,1,0,0,2,0,0,1,0,0,0,0,0,0,0,0,0,1,0,1,0,0,0,2,0,0,2,2,0,0,0,0,0,1,0,0,0,0,0,0,2,2,0,0,0,0,0,2,0,0,0,0,2,0,1,0,1,0,2,0,0,0,0,0,0,0,0,0,1,0,0,0,0,0,0,0,1,0,1,0,0,0,0,0,0,0,0,0,1,0,0,1,0,0,0,0,0,0,0,0,0,0,0,0,0,0,0,0,0,0,0,0,0,0,0,0,0,0,0,0,0,0,0,0,0,0,0,0,0,0,0,0,0,0,0,0,0,0,0,0,0,0,0,0,0,0,0,0,0,0,0,0,0,0,0,1,0,0,0,0,0,1,0,0,0,0,1,0,0,0,0,0,0,0,1,0,0,1,1,0,0,0,0,0,0,1,1,1,1,1,1,1,1,1,0,0,0,0,0,0,0,0,0,0,0,0,0,1,1,1,1,1,1,1,1,0,0,0,0,0,0,0,0,0,0,0,0,0,0,0,0,0,0,0,0,0,0,0,0,0,0,0,0
2015,0,27,19,0,8,0,0,14,7,3,13,12,8,7,7,0,5,1,0,1,6,4,2,1,1,6,5,10,0,0,10,8,9,7,3,5,4,0,0,3,2,1,8,0,3,0,2,2,0,0,3,0,0,7,3,0,0,4,0,0,7,0,1,0,5,0,1,4,0,0,6,6,0,0,0,0,1,0,0,0,3,0,0,2,4,0,0,0,2,0,0,0,0,0,0,0,2,1,2,5,3,2,0,0,3,4,0,0,0,0,0,0,3,2,5,1,3,0,0,4,0,0,2,0,2,0,0,3,0,2,0,0,2,0,1,3,0,0,0,0,4,2,0,0,0,2,1,0,0,0,1,0,0,0,4,0,0,1,3,0,4,4,4,4,4,0,0,0,0,3,0,0,0,1,0,1,0,0,0,0,0,0,0,0,0,0,0,0,0,0,0,0,0,0,0,0,0,0,0,0,0,0,1,0,0,0,0,0,0,0,0,0,0,1,0,0,0,0,0,1,2,1,1,3,2,0,0,1,0,3,0,1,0,0,0,0,1,0,0,0,0,0,0,0,0,1,0,0,0,2,2,2,0,2,0,2,0,2,0,0,0,0,0,0,0,0,0,1,1,1,0,0,0,0,0,0,0,0,0,0,0,0,0,1,0,0,0,0,0,0,1,0,0,1,0,0,1,2,0,0,0,1,0,0,0,0,1,0,1,0,1,0,0,0,0,0,0,0,0,0,0,0,0,0,0,0,0,0,0,0,0,0,1,0,0,0,0,0,2,0,0,0,0,1,0,0,0,0,0,0,0,0,0,0,0,0,0,0,0,0,0,0,0,0,0,0,0,0,0,1,0,0,0,0,0,1,1,0,1,0,0,0,0,0,0,0,0,0,0,0,0,0,0,0,0,0,0,0,0,0,0,0,0,0,0,1,0,0,0,1,0,0,1,1,0,0,0,0,0,0,0,0,0,0,0,0,0,0,1,0,0,0,0,0,0,0,0,0,0,0,0,0,0,0,0,1,0,0,1,1,1,1,1,1,1,1,1,0,0,0,0,0,0,0,0,1,1,1,1,1,1,0,0,0,0,0,0,0,0,0,0,0,0,0,0,0,0,0,0,0,0,0,0
2016,1,18,13,0,7,0,1,3,4,1,4,4,6,4,7,0,5,0,0,0,4,7,5,3,4,4,5,7,0,1,4,9,8,5,2,1,5,0,1,1,3,0,2,0,2,7,7,3,0,0,7,0,3,2,6,2,0,4,0,0,1,2,1,0,5,0,0,1,0,0,3,1,0,0,0,0,0,0,0,0,6,0,0,3,0,0,0,0,1,0,2,0,0,0,0,0,2,5,5,2,4,5,0,0,3,0,0,0,0,0,0,0,2,1,3,1,4,0,1,0,0,2,2,0,4,0,0,2,0,0,4,0,0,0,0,0,0,0,0,0,4,2,0,0,0,1,1,0,0,1,1,0,0,0,2,0,0,2,3,0,3,3,0,0,1,1,0,0,0,2,2,0,0,4,0,0,0,0,0,0,0,0,0,0,1,0,0,0,0,0,0,0,0,0,0,0,0,0,0,3,0,0,1,0,0,0,0,0,2,0,0,0,1,0,0,0,0,1,1,0,3,0,2,2,1,1,0,0,0,0,0,3,0,0,0,0,3,1,0,0,0,0,0,0,0,2,0,0,2,0,1,2,0,0,0,2,0,1,0,1,0,0,0,0,0,1,0,1,0,1,0,0,0,0,0,0,0,0,0,0,0,0,0,0,0,0,0,0,0,0,0,0,0,0,0,0,0,1,0,0,0,0,0,0,0,0,0,0,1,0,0,0,2,0,0,1,0,0,0,0,0,0,0,0,0,0,2,0,2,0,0,0,2,0,2,0,0,0,0,0,0,1,0,2,0,0,0,0,0,0,0,0,0,0,0,0,0,0,0,0,0,0,0,0,0,0,1,0,0,0,0,0,0,0,0,1,1,0,0,0,0,0,0,0,0,0,0,0,0,0,0,0,0,0,0,0,0,0,0,0,0,0,0,0,0,1,0,0,1,1,0,0,1,1,1,1,1,1,1,0,0,0,0,0,0,0,0,0,0,0,0,0,0,0,1,0,0,0,0,0,0,0,0,0,0,0,0,0,0,0,0,0,0,0,0,0,0,0,0,0,0,0,0,0,0,0,0,0,0,0,0,0,0,0,0,0,0,0,0,0,0,0,0,0,0,0,0,0,0,0,0,0,0
2017,9,2,11,0,5,0,0,2,4,2,3,1,1,3,3,1,3,0,4,2,4,11,3,1,0,0,2,4,0,0,1,10,3,2,1,1,3,0,1,5,6,2,4,1,2,1,0,0,0,0,0,0,7,1,3,3,0,2,0,0,2,2,2,0,0,0,0,2,0,0,0,3,0,0,0,0,2,0,0,0,2,0,0,5,4,0,0,0,2,1,0,1,1,0,0,0,0,1,1,0,0,0,0,0,4,0,0,0,0,0,0,0,0,0,1,1,0,0,3,0,0,1,1,0,1,0,0,2,0,0,1,1,0,0,0,0,0,4,0,0,2,1,3,0,4,0,0,0,0,2,2,0,0,0,1,0,0,0,0,0,3,1,0,2,0,0,0,0,0,1,3,0,0,3,0,2,1,0,0,0,1,0,0,0,0,0,0,0,0,0,0,0,0,0,0,0,0,0,0,0,0,0,0,2,0,0,0,0,1,0,2,0,1,1,0,0,0,1,1,0,0,0,0,0,0,0,0,0,0,0,0,1,0,0,0,0,1,0,0,0,0,0,0,0,0,1,0,0,0,1,0,0,0,0,0,1,0,0,0,0,0,0,0,0,0,2,0,0,0,1,1,0,0,0,0,0,0,0,0,0,0,0,0,1,0,0,0,0,1,0,0,0,0,0,0,0,0,2,0,0,0,0,0,0,0,0,0,0,1,0,1,0,2,0,2,0,0,0,0,0,0,0,1,0,1,0,0,0,0,0,0,0,0,0,0,0,0,0,0,0,0,1,0,0,0,0,0,0,0,0,0,0,1,0,0,0,0,0,0,0,0,0,0,0,0,0,0,0,0,1,0,0,0,0,0,1,0,0,0,0,0,0,0,0,0,0,0,0,0,0,0,0,0,0,0,0,0,0,0,0,0,0,0,0,0,0,1,1,1,0,1,1,0,0,0,0,0,0,0,1,0,0,0,0,0,0,0,1,1,1,0,1,1,1,0,0,0,0,0,0,0,0,0,0,0,0,0,0,0,0,0,0,0,0,0,0,0,0,0,0,0,0,0,0,0,0,0,0,0,0,0,0,0,0,0,0,0,0,0,0,0,0,0,0,0,0,0,0,0,0,0,0,0
2018,16,1,8,0,4,0,0,3,2,3,0,1,3,1,4,0,0,0,2,5,7,8,1,0,5,1,4,5,3,0,0,0,3,3,6,4,7,0,1,1,2,1,1,2,2,0,3,0,0,0,0,1,2,1,1,1,0,5,0,1,1,0,0,0,4,0,0,1,0,0,1,3,0,6,0,0,0,0,0,0,0,0,0,1,5,0,1,0,0,0,0,0,0,0,0,0,2,1,0,0,0,1,0,0,1,0,0,0,0,0,0,0,1,0,1,2,1,0,0,2,1,0,0,1,0,0,0,2,0,0,0,1,2,1,1,3,0,1,0,0,2,4,0,0,0,2,2,0,0,1,1,0,0,0,0,0,0,2,0,0,0,0,0,0,0,0,0,0,0,1,2,0,0,3,0,1,0,0,0,0,0,0,0,0,0,0,0,0,0,0,0,0,0,0,0,1,0,0,0,0,0,0,0,0,0,2,0,0,0,0,0,0,1,1,0,0,0,0,1,0,1,0,0,0,0,2,0,0,0,0,0,0,0,1,0,0,1,2,0,0,0,0,1,0,0,2,0,0,0,0,0,0,0,0,0,0,0,0,0,0,0,0,0,0,0,0,0,0,0,0,1,0,0,0,0,0,0,0,0,0,0,0,0,1,0,0,0,0,2,0,0,0,0,0,0,0,0,0,0,0,0,0,0,0,0,0,0,0,0,0,0,0,0,0,2,2,0,0,0,0,0,0,2,0,0,0,0,0,1,0,0,0,0,0,0,0,0,0,0,0,0,2,0,1,0,0,0,0,0,0,0,0,0,0,0,0,0,1,0,0,0,0,0,0,0,0,0,0,0,0,0,0,0,0,0,0,0,0,0,0,0,0,0,0,0,0,0,0,0,0,0,0,0,0,0,0,0,0,0,0,0,0,0,0,0,0,0,1,0,0,0,1,0,0,0,0,0,0,1,0,1,1,1,1,1,1,1,0,0,0,1,0,0,0,0,0,0,0,0,0,0,0,0,0,0,0,0,0,0,0,0,0,0,0,0,0,0,0,0,0,0,0,0,0,0,0,0,0,0,0,0,0,0,0,0,0,0,0,0,0,0,0,0,0,0,0,0,0,0,0,0,0,0
2019,34,1,14,0,8,1,2,0,3,7,3,8,6,5,5,1,1,6,2,10,4,6,0,0,6,7,1,8,3,7,0,4,4,7,3,7,8,0,2,4,8,4,1,1,2,0,5,1,1,0,0,1,2,1,0,3,3,5,7,0,0,1,1,0,2,1,0,1,0,2,0,3,0,6,1,2,6,0,3,3,0,0,0,0,5,0,2,0,2,0,5,5,0,0,0,0,4,2,3,0,0,3,3,0,3,0,1,0,0,0,0,0,0,0,1,0,0,0,2,0,1,1,1,2,4,0,0,4,0,0,0,4,0,0,0,3,0,2,0,0,0,1,0,0,1,4,4,0,0,4,4,1,0,2,1,1,0,3,0,0,0,1,1,0,1,0,0,0,0,2,1,0,0,0,0,0,3,1,0,3,0,3,0,0,3,0,1,0,0,0,1,0,0,0,1,0,0,0,0,1,0,0,0,1,0,2,0,0,0,0,3,1,0,0,0,0,3,3,1,0,1,2,2,0,0,0,0,0,0,1,0,0,0,1,0,0,0,0,0,0,0,0,0,0,0,2,0,2,0,0,0,1,0,0,0,1,0,0,0,1,1,1,0,0,0,1,0,0,1,1,1,0,0,0,0,0,0,2,0,0,0,1,0,0,0,0,0,0,1,0,0,0,0,0,0,0,1,0,0,0,1,1,0,0,1,0,0,0,0,0,1,2,0,2,0,1,2,2,1,2,0,0,0,0,2,1,1,0,1,0,0,0,0,0,0,0,2,0,0,0,0,0,0,0,0,0,0,0,0,0,0,0,0,1,0,0,0,0,0,0,0,0,0,0,0,0,0,0,0,0,0,0,0,0,0,0,1,0,0,0,0,0,0,0,0,0,0,0,0,0,0,0,0,0,0,0,0,0,0,0,0,0,0,0,0,0,0,0,0,0,0,1,0,0,0,0,0,0,0,0,0,0,1,0,1,1,0,1,0,0,0,0,0,1,0,0,0,0,0,0,0,0,0,0,0,0,0,0,0,1,0,0,1,0,0,0,0,0,0,0,0,0,0,0,0,0,0,0,0,0,0,0,1,0,1,0,0,0,0,0,0,0,0,0,1,1,1,0,0,0,0,0,0
2020,20,0,10,0,6,6,2,1,4,7,4,5,7,1,9,0,0,3,3,8,0,2,0,1,3,0,10,4,3,4,0,0,0,3,1,8,1,0,0,2,0,0,0,0,3,0,1,2,7,0,0,1,0,2,0,3,1,1,2,0,0,3,1,0,1,4,0,3,0,6,0,3,2,0,1,0,4,0,1,2,0,0,0,0,2,0,1,0,1,2,0,1,0,0,0,0,5,1,2,1,3,0,0,0,2,0,1,2,0,0,0,0,0,0,0,0,0,0,1,0,1,0,0,1,2,0,0,0,0,0,0,3,0,0,0,1,0,0,0,0,1,1,0,0,0,0,2,0,0,3,0,0,0,0,1,0,0,2,0,0,0,0,0,0,0,0,0,0,0,3,3,1,0,1,0,0,0,0,0,0,1,0,0,0,1,0,3,1,0,0,0,0,0,0,3,0,0,0,0,0,0,0,3,0,0,3,0,0,1,0,0,0,0,0,0,0,2,0,1,1,1,0,1,0,1,1,0,0,0,0,0,0,0,1,0,0,0,1,0,0,0,0,0,0,0,0,0,0,0,0,0,1,0,0,0,0,0,1,0,0,0,0,0,0,0,0,0,0,1,0,2,0,0,0,0,0,0,0,0,0,1,1,0,0,0,0,0,0,0,0,0,0,0,0,0,0,0,0,0,0,0,0,0,0,0,0,0,0,0,0,0,0,0,0,0,0,0,0,0,0,0,0,0,0,0,0,0,0,0,0,0,0,0,0,0,2,0,0,0,0,0,0,0,0,0,0,0,0,0,0,0,0,0,0,0,0,0,1,0,0,0,0,0,0,0,0,0,0,0,0,0,0,0,0,0,0,0,0,0,0,0,0,0,0,0,0,0,0,0,0,0,0,0,0,0,0,0,0,0,0,0,0,0,0,0,0,0,0,0,0,0,1,0,0,0,0,0,1,0,0,0,0,1,0,0,0,0,0,0,0,0,0,0,0,0,0,0,0,0,0,0,0,0,0,0,0,0,0,0,0,0,0,0,0,0,0,0,0,0,0,0,0,0,0,0,0,0,0,0,0,0,0,0,0,0,0,0,0,1,0,0,0,0,0,0,0,0,1,1,0,1,1,1
2021,33,0,19,0,6,15,5,0,8,13,0,3,5,4,11,0,2,10,1,6,0,3,0,2,2,5,0,2,10,4,0,0,4,9,5,5,2,0,2,0,0,3,2,1,7,0,3,1,7,0,0,1,2,1,0,5,2,4,1,4,0,5,1,0,3,1,0,6,0,6,0,2,6,0,5,4,2,2,2,3,0,0,0,0,3,0,1,0,3,2,0,3,5,0,1,0,2,4,3,2,1,0,1,0,4,0,0,4,4,0,0,0,0,0,0,0,0,0,3,1,3,0,0,0,4,0,0,2,0,0,0,4,0,1,0,3,0,0,0,0,1,2,2,0,0,2,1,0,0,0,2,3,0,2,2,0,0,1,0,0,0,0,0,0,0,1,0,0,0,4,4,0,0,0,0,2,1,2,0,0,0,1,0,0,1,2,3,3,0,0,3,3,0,0,1,0,2,0,0,0,0,1,2,2,0,0,0,0,3,0,2,0,2,0,0,0,0,0,1,1,2,0,1,0,1,1,0,0,0,0,0,0,0,1,0,0,0,0,0,2,0,0,2,0,0,0,1,2,1,0,0,0,0,0,0,0,0,1,0,0,0,0,0,2,0,2,0,2,2,1,2,0,0,0,0,0,0,0,0,0,0,0,0,0,0,0,0,0,1,1,0,0,0,0,0,0,0,0,0,0,1,0,0,0,1,0,0,0,0,0,0,0,0,0,0,0,0,0,0,0,0,0,0,0,0,0,1,0,0,0,1,0,0,0,0,0,0,0,0,0,0,0,0,1,0,0,0,0,0,0,0,0,1,0,0,0,0,0,0,0,0,0,0,0,0,0,0,0,0,0,0,0,0,0,0,0,0,0,0,0,0,0,0,0,0,0,0,0,0,0,0,0,0,0,0,0,0,0,0,0,0,0,0,0,0,0,0,0,0,0,0,1,0,0,0,0,0,1,0,0,0,0,0,0,0,1,0,0,0,0,0,1,0,1,0,0,0,0,0,0,0,0,0,0,0,0,0,0,0,0,0,0,0,0,0,0,1,0,0,0,0,0,0,0,0,0,0,0,0,0,0,0,0,1,1,0,0,0,0,1,0,0,0,1,0,0,0,0,0,1,0,0,0
2022,25,0,10,0,3,15,2,1,4,7,4,13,5,3,9,0,0,1,0,10,0,2,0,6,3,2,0,3,6,3,0,0,5,0,4,0,3,0,4,1,1,4,0,0,2,0,2,2,1,0,0,2,0,0,0,4,1,3,3,1,0,2,0,0,5,1,0,1,1,2,0,2,4,1,6,2,3,3,4,2,0,0,0,0,0,0,4,0,4,1,1,3,3,0,2,0,1,1,4,0,2,0,2,1,2,0,2,1,2,5,0,0,0,0,0,0,0,4,5,0,1,0,0,3,2,0,0,2,0,0,0,1,0,1,0,0,0,0,0,0,1,3,1,0,0,2,0,1,0,2,0,0,0,1,1,4,0,4,0,0,0,0,0,0,0,0,1,0,0,2,2,0,0,0,0,1,0,2,0,1,1,0,0,0,3,2,0,1,0,1,0,0,0,0,2,1,3,0,2,0,0,1,0,3,0,2,0,0,1,0,1,0,0,0,0,0,1,0,2,1,1,0,1,0,0,1,0,0,0,0,0,0,0,2,2,0,0,2,0,0,0,0,0,0,0,0,0,0,1,0,0,0,1,0,0,0,0,0,0,1,0,2,0,1,1,0,0,0,0,0,1,0,0,0,1,0,0,0,1,2,0,0,0,0,1,1,0,1,0,0,0,0,0,0,0,0,2,0,0,0,0,0,0,0,2,0,0,0,0,0,2,0,0,0,1,1,0,1,0,0,0,0,0,0,0,0,1,0,0,0,0,0,0,0,0,0,0,0,0,0,0,0,0,1,0,0,0,0,0,0,0,0,0,1,0,0,0,1,0,0,0,0,0,0,0,0,1,1,1,0,0,0,0,0,0,0,1,0,0,0,1,0,0,0,0,0,0,0,0,0,1,0,0,0,1,0,0,0,1,0,0,0,0,0,0,0,0,1,0,0,0,0,0,0,0,0,0,0,1,0,0,0,1,0,0,0,0,0,0,0,0,1,0,0,0,0,0,0,0,0,0,0,0,0,0,0,0,0,0,0,0,0,0,0,0,0,1,0,0,0,0,0,0,0,0,0,0,0,0,0,0,1,1,1,0,1,1,1,1,0,0,0,0,0,0,0,0,0,0,0,0,0,0
2023,30,0,13,4,5,12,7,3,5,6,1,7,9,8,12,1,6,7,0,5,0,0,0,2,4,4,0,3,7,5,0,0,4,0,2,0,5,6,7,1,1,8,0,3,7,0,2,1,4,0,0,2,1,0,0,7,7,7,3,2,0,5,2,0,6,3,0,4,4,1,0,2,0,0,4,0,2,6,5,5,0,4,2,0,0,0,2,3,4,5,0,4,2,1,0,2,3,3,1,1,4,0,1,3,2,0,5,2,5,0,3,0,0,0,3,0,0,5,5,0,3,0,0,1,1,0,0,1,1,0,0,1,0,1,0,1,0,0,0,0,2,0,1,4,3,0,0,0,0,1,2,0,0,1,0,2,0,1,1,0,0,0,0,0,1,3,2,1,1,1,1,1,0,0,1,1,2,1,0,1,3,1,0,0,1,1,3,1,3,1,0,0,3,0,3,1,0,2,1,1,1,1,0,2,2,0,0,0,0,1,1,0,1,2,2,3,1,0,2,3,1,0,0,0,0,2,0,0,0,0,1,0,0,0,1,1,0,1,0,2,2,2,1,0,0,0,2,0,2,0,0,0,2,0,0,2,1,0,2,0,0,2,0,0,1,0,0,0,0,2,0,0,1,0,1,0,0,0,0,1,0,2,0,0,2,2,2,1,0,2,0,0,0,0,2,2,1,0,2,0,0,2,0,2,1,0,0,2,0,0,0,1,0,0,0,1,0,0,0,0,1,0,0,0,0,0,0,0,0,0,1,0,0,0,0,0,0,0,0,1,1,0,0,0,1,0,0,0,0,0,0,0,1,0,0,1,0,0,0,1,0,1,1,1,1,1,1,1,1,0,1,0,0,0,0,0,0,0,0,0,0,0,0,0,1,0,0,0,0,0,0,1,0,0,0,0,0,0,0,0,0,0,0,0,0,0,0,0,0,0,0,0,1,0,0,0,0,0,0,0,0,0,0,0,0,0,0,0,0,0,0,0,0,0,0,0,0,0,0,0,0,0,0,0,0,0,0,0,0,0,0,0,0,0,0,0,0,0,0,0,0,0,0,0,0,0,0,0,0,0,0,0,0,0,0,0,0,0,0,0,1,1,1,1,0,0,0,0,0,0,0,0,0
2024,35,0,12,17,4,14,15,0,1,2,0,7,10,6,9,9,0,9,1,9,0,2,0,5,5,9,0,7,5,10,0,2,2,5,0,0,1,8,7,4,1,3,2,3,6,0,2,4,5,0,0,5,1,0,0,5,2,5,4,2,0,7,0,2,6,6,0,3,6,2,0,5,0,2,1,6,3,0,5,6,0,6,4,0,0,3,0,5,5,5,0,4,1,2,5,2,5,1,0,1,2,0,0,5,1,0,4,5,3,0,3,0,0,0,0,0,0,3,1,0,5,0,0,4,0,2,2,2,2,0,0,1,0,4,0,2,0,2,2,0,4,1,1,1,0,0,0,4,0,0,1,1,4,4,0,3,2,1,4,0,0,0,0,0,0,4,1,4,4,0,3,1,4,0,0,3,2,3,0,0,3,3,3,1,3,1,3,2,1,3,0,0,1,1,3,3,0,3,3,3,3,3,0,2,3,0,3,3,2,0,2,3,3,3,3,2,0,1,3,0,2,0,0,0,0,1,0,0,0,0,1,0,2,1,2,0,0,0,1,0,1,2,2,2,0,0,1,2,0,0,0,0,0,0,0,0,2,0,0,0,2,0,2,0,2,0,2,0,1,0,0,0,0,0,0,2,0,0,1,2,1,1,2,1,0,1,2,2,2,0,0,0,0,0,0,1,1,0,0,0,2,0,0,1,0,2,0,1,0,2,1,1,0,0,0,1,0,0,1,0,1,2,0,0,0,0,0,2,0,2,2,1,0,0,0,0,0,2,0,2,0,0,0,0,1,1,0,0,0,0,1,1,0,1,0,1,0,1,0,0,0,0,1,1,0,0,0,1,1,1,1,0,0,0,0,1,1,1,0,1,1,1,0,1,0,1,1,1,0,1,1,1,1,0,1,1,1,0,1,0,1,1,0,1,1,0,0,0,0,0,0,0,0,0,0,0,0,0,0,0,0,0,0,0,0,0,0,0,0,0,0,0,0,0,0,0,0,0,0,0,0,0,0,0,0,0,0,0,0,0,0,0,0,0,0,0,0,0,0,0,0,0,0,0,0,0,0,0,0,0,0,0,0,0,0,0,0,0,0,0,0,0,0,0,0,0,0,0,0,0,0,0,0
2025,16,2,15,10,3,9,7,0,4,2,7,1,13,5,5,7,7,11,11,11,0,0,0,3,5,7,0,9,9,3,0,0,6,0,0,0,3,5,8,1,1,5,7,6,5,0,4,2,4,0,0,7,0,0,0,2,2,4,1,7,0,1,3,6,5,5,6,1,3,3,0,1,1,4,4,4,2,0,6,2,0,1,5,0,0,0,4,5,5,2,0,0,1,5,0,5,1,3,0,1,5,1,5,4,1,0,0,2,3,0,2,0,0,0,1,0,0,4,0,0,4,0,1,2,1,4,2,0,4,0,0,1,0,2,0,1,2,2,4,4,3,0,4,3,4,0,0,2,4,1,1,4,3,1,0,3,3,2,1,0,0,0,0,0,3,1,4,2,1,0,2,1,0,0,3,1,3,1,3,0,3,0,3,3,0,3,2,1,1,1,0,0,0,3,2,0,0,2,1,2,0,3,0,2,1,0,0,1,3,3,1,3,0,3,0,0,1,0,0,0,2,0,1,0,0,0,3,0,0,0,3,0,1,0,3,2,0,3,3,2,0,0,1,2,2,0,1,1,1,0,0,0,0,0,0,1,1,0,1,0,1,1,0,0,2,0,0,0,0,2,0,0,1,0,1,0,0,0,1,0,1,0,0,0,1,1,1,2,1,0,0,0,0,0,1,0,0,0,0,0,1,1,0,2,0,1,0,1,0,1,0,1,0,0,0,1,0,2,2,0,2,1,0,2,0,2,0,2,0,1,1,2,0,2,0,0,0,0,0,0,2,0,2,0,1,0,1,1,1,0,0,0,1,1,0,1,0,0,0,0,1,1,0,1,1,0,1,0,0,1,1,0,0,0,1,0,0,0,0,0,0,0,0,0,0,1,0,0,0,0,0,0,0,0,0,0,0,0,0,1,0,0,1,0,0,0,0,0,0,0,0,0,0,0,0,0,0,0,0,0,0,0,0,0,0,0,0,0,0,0,0,0,0,0,0,0,0,0,0,0,0,0,0,0,0,0,0,0,0,0,0,0,0,0,0,0,0,0,0,0,0,0,0,0,0,0,0,0,0,0,0,0,0,0,0,0,0,0,0,0,0,0,0,0,0,0,0,0,0,0,0,0,0
2026,4,0,9,11,0,5,7,0,1,0,5,0,2,1,2,12,2,8,1,4,0,5,0,1,2,2,0,2,1,4,0,0,2,0,0,0,2,2,2,0,0,2,1,7,3,0,0,0,2,0,0,3,0,0,0,0,1,1,2,4,0,0,7,2,4,2,3,4,5,0,0,0,0,3,2,0,4,0,1,3,0,1,2,0,0,5,5,3,2,1,0,1,1,1,0,0,1,2,0,0,0,0,0,0,0,0,0,0,1,0,5,0,0,0,0,0,0,2,0,0,1,0,0,2,0,3,4,0,1,0,0,0,0,2,0,0,4,2,0,2,1,0,0,3,0,0,0,1,0,0,2,2,2,1,0,1,4,1,2,0,0,0,0,0,1,1,1,0,0,0,3,4,0,0,0,0,1,0,0,0,2,0,1,0,2,0,2,1,1,1,0,3,0,0,1,2,0,1,0,1,3,0,0,1,3,0,0,0,0,0,1,0,3,1,0,0,0,0,0,0,2,0,3,0,0,3,0,0,0,0,0,0,3,3,0,3,0,0,1,0,0,0,2,1,2,0,2,0,0,0,0,0,1,0,0,0,0,0,0,0,1,2,1,0,0,0,0,0,0,2,0,0,2,0,2,0,0,0,2,1,2,0,2,0,0,1,0,0,0,0,0,0,2,0,1,0,0,0,0,2,0,0,0,1,0,0,0,0,0,1,0,2,0,0,0,0,0,1,0,0,1,0,0,0,0,2,0,0,0,1,0,0,0,0,0,1,0,0,0,1,1,0,0,0,1,1,0,0,0,1,1,1,0,1,1,0,1,0,1,0,0,0,1,0,0,0,1,0,0,0,0,1,1,1,0,0,0,0,1,0,0,0,1,0,1,1,1,0,1,0,0,0,0,1,0,0,0,1,0,0,0,0,0,0,0,0,0,0,0,0,0,0,0,0,0,0,0,0,0,0,0,0,0,0,0,0,0,0,0,0,0,0,0,0,0,0,0,0,0,0,0,0,0,0,0,0,0,0,0,0,0,0,0,0,0,0,0,0,0,0,0,0,0,0,0,0,0,0,0,0,0,0,0,0,0,0,0,0,0,0,0,0,0,0,0,0,0,0,0,0,0,0,0
