coroner_area,count
Greater Manchester South,514
London Inner North,342
"West Sussex, Brighton and Hove",206
Birmingham and Solihull,197
Surrey,191
London East,184
South Wales Central,150
London Inner South,147
Nottinghamshire,144
Cornwall and the Isles of Scilly,140
Greater Manchester North,134
Greater Manchester West,133
Essex,126
Yorkshire West Eastern,124
Norfolk,123
County Durham and Darlington,112
North Wales (East & Central),111
"Hampshire, Portsmouth and Southampton",108
Yorkshire South West,103
Avon,103
Yorkshire West Western,101
Suffolk,99
The Black Country Jurisdiction,93
Cumbria,93
London Inner West,92
Worcestershire,89
Dorset,88
Kent and Medway,85
Milton Keynes,83
Bedfordshire and Luton,82
London North,78
Leicester City and South Leicestershire,78
Berkshire,76
Liverpool and the Wirral,73
London West,72
Cheshire,71
Derby and Derbyshire,67
Lancashire and Blackburn with Darwen,67
Manchester City,65
Yorkshire South East,64
East Riding of Yorkshire and Kingston-upon-Hull,63
Staffordshire and Stoke-on-Trent,61
Wiltshire and Swindon,60
Blackpool and Fylde,58
Gwent,56
Northamptonshire,53
London South,53
Sunderland,52
Cambridgeshire and Peterborough,50
Warwickshire,48
Gloucestershire,43
Newcastle and North Tyneside,40
Oxfordshire,40
North Yorkshire and York,36
East Sussex,33
Somerset,33
Hertfordshire,32
Swansea and Neath Port Talbot,31
"Shropshire, Telford and Wrekin",31
Northumberland,27
Buckinghamshire,26
Carmarthenshire and Pembrokeshire,24
North West Wales,23
Coventry,23
Herefordshire,20
Isle of Wight,19
London City,19
Rutland and North Leicestershire,17
Teesside and Hartlepool,16
Gateshead and South Tyneside,15
"Sefton, Knowsley and St Helens",8
Greater Lincolnshire,5
Exeter and Greater Devon,4
Ceredigion,2
