name,title,role
Mr Andrew Philip Hetherington,Senior Coroner,Northumberland
HHJ Alexia Durran,The Chief Coroner of England and Wales,Honorary Member
Ms Jayne Hughes,Senior Coroner,Corresponding Member
Ms Penelope Schofield,Senior Coroner,"West Sussex, Brighton and Hove"
Mr James Bennett,Senior Coroner,Herefordshire
Mr John Gittins,Senior Coroner,North Wales (East & Central)
Mr David Heming,Senior Coroner,Cambridgeshire and Peterborough
Mr Nigel Meadows,Senior Coroner,Manchester City
Mr Mark Harris,Senior Coroner,Corresponding Member
Miss Kirsty Gomersal,Senior Coroner,Cumbria
Ms Kate Robertson,Senior Coroner,North West Wales
Clare Faulds,Senior Coroner,Corresponding Member
Mrs Heidi Julia Connor,Senior Coroner,Berkshire
Ms Katy Skerrett,Senior Coroner,Gloucestershire
R .David Crawford Clarke,Senior Coroner,Retired Member
Miss Mairin Casey,Senior Coroner,Nottinghamshire
Ms Joanne Kearsley,Deputy Chief Coroner,Greater Manchester North
James Peter Kitson,Senior Coroner,Corresponding Member
Ms Jacqueline P Devonish,Senior Coroner,Cheshire
Mrs Emma Elizabeth Whitting,Senior Coroner,Bedfordshire and Luton
Dr Richard Joyce,Senior Coroner,Corresponding Member
CHRISTOPHER MARTIN,Senior Coroner,Corresponding Member
Ms Jacqueline P Devonish,Senior Coroner,Cheshire
Dr Michael Kennedy,Senior Coroner,Corresponding Member
Dr Mary Flanagan,Senior Coroner,Corresponding Member
Dr Brian J Farrell,Senior Coroner,Corresponding Member
Mr Andrew Cox,Senior Coroner,Cornwall and the Isles of Scilly
Mr Terence Carney,Senior Coroner,Gateshead and South Tyneside
Mr Jonathan Richard Heath,Senior Coroner,North Yorkshire and York
Mr Andrew Roger Barkley,Senior Coroner,Staffordshire and Stoke-on-Trent
Mr Cathal Louth,Senior Coroner,Corresponding Member
Dr Dirk W Huyer,Senior Coroner,Corresponding Member
Mrs Catherine Mason,Senior Coroner,Leicester City and South Leicestershire
Mr Graeme David Hughes,Senior Coroner,South Wales Central
Mr joseph mccrisken,Senior Coroner,Corresponding Member
Mr John Gittins,Senior Coroner,North Wales (East & Central)
Mrs Anne Pember,Senior Coroner,Northamptonshire
Dr Julian Rupert Laurence Morris,Senior Coroner,London Inner South
Soerdjbalie-Maikoe,Senior Coroner,Corresponding Member
Miss Georgina Nolan,Senior Coroner,Newcastle and North Tyneside
Miss Georgina Nolan,Senior Coroner,Newcastle and North Tyneside
Ms Alison Patricia Mutch OBE,Senior Coroner,Greater Manchester South
Ms Mary Hassell,Senior Coroner,London Inner North
Mr Patrick McGurgan,Senior Coroner,Corresponding Member
Gordon Matenga,Senior Coroner,Corresponding Member
Ms Katy Skerrett,Senior Coroner,Gloucestershire
Mr Andrew Walker,Senior Coroner,London North
Mr Aled Wyn Gruffydd,Senior Coroner,Swansea and Neath Port Talbot
Mr Peter Nieto,Senior Coroner,Derby and Derbyshire
Mrs Anne-Louise Toal,Senior Coroner,Corresponding Member
Mr Zafar Siddique,Senior Coroner,The Black Country Jurisdiction
Mrs Caroline Sarah Sumeray,Senior Coroner,Isle of Wight
Mr David Place,Senior Coroner,Sunderland
Mr Andrew Cox,Senior Coroner,Cornwall and the Isles of Scilly
Mr Tom Osborne,Senior Coroner,Milton Keynes
Mr Philip Spinney,Senior Coroner,"County of Devon, Plymouth & Torbay"
Mr James Bennett,Senior Coroner,Herefordshire
Mrs Louise Hunt,Senior Coroner,Birmingham and Solihull
Mr Christopher John Long,Senior Coroner,Lancashire and Blackburn with Darwen
Mr Jeremy Chipperfield,Senior Coroner,County Durham and Darlington
Mr Christopher John Long,Senior Coroner,Lancashire and Blackburn with Darwen
Dr Prof. Denis A. Cusack,Senior Coroner,Corresponding Member
Dr Fiona Jane Wilcox,Senior Coroner,London Inner West
Dr Elizabeth A Earland,Senior Coroner,Retired Member
Mr Jeremy Chipperfield,Senior Coroner,County Durham and Darlington
Justice John Angus MacRitchie,Senior Coroner,Corresponding Member
Mrs Tanyka Samantha Rawden,Senior Coroner,Yorkshire South West
Mr Martin Dominic Fleming,Senior Coroner,Yorkshire West Western
Justice Lateefa Abisola OKUNNU,Senior Coroner,Corresponding Member
The Honourable Mr Justice Weir,Senior Coroner,Corresponding Member
Mr Tony Williams,Senior Coroner,Retired Member
Mrs Rachael Clare Griffin,Senior Coroner,Dorset
Mr Lincoln Brookes,Senior Coroner,Essex
Mr Philip Comyn,Senior Coroner,Corresponding Member
Miss Louise Pinder,Senior Coroner,Rutland and North Leicestershire
Greffier Sarah Kelly,Senior Coroner,Corresponding Member
Judge Victor YEO Khee Eng,Senior Coroner,Corresponding Member
Cherry McMillen,Senior Coroner,Corresponding Member
Mrs Jacqueline F Lake,Senior Coroner,Retired Member
Isaac Tan,Senior Coroner,Corresponding Member
Mrs Jacqueline F Lake,Senior Coroner,Retired Member
Isaac Tan,Senior Coroner,Corresponding Member
Mr Malcolm Simmons,Senior Coroner,Corresponding Member
Cdr. Richard Marshall RN,Senior Coroner,Corresponding Member
Raymond NAQVI,Senior Coroner,Corresponding Member
Mr Crispin Giles Butler,Senior Coroner,Buckinghamshire
Peter Ryan,Senior Coroner,Corresponding Member
Mr Paul Duncan Smith,Senior Coroner,Greater Lincolnshire
Mrs Maria Eileen Voisin,Senior Coroner,Avon
Helen Margaret Scott,Senior Coroner,Corresponding Member
Mrs Samantha Goward,Senior Coroner,Norfolk
Graeme Douglas Johnstone,Senior Coroner,Honorary Member
Mr John Anthony Needham,Senior Coroner,Corresponding Member
Dr Richard Joyce,Senior Coroner,Corresponding Member
Alastair John Trevaskis,Senior Coroner,Corresponding Member
Dr Myra Cullinane,Senior Coroner,Corresponding Member
Mr Peter Nieto,Senior Coroner,Derby and Derbyshire
Miss Georgina Gibbs,Deputy Chief Coroner,Kent and Medway
Mr Nigel Parsley,Senior Coroner,Suffolk
Mr André Rebello OBE,Senior Coroner,Liverpool and the Wirral
Mr Christopher Campbell Wilkinson,Senior Coroner,"Hampshire, Portsmouth and Southampton"
Mrs Samantha Marsh,Senior Coroner,Somerset
Ms Alison Brydie Hewitt,Senior Coroner,London City
Mr André Rebello OBE,Senior Coroner,Liverpool and the Wirral
Judge Victor YEO Khee Eng,Senior Coroner,Corresponding Member
Dr Andrina O'Brien,Senior Coroner,Corresponding Member
Deborah Malcolm,Senior Coroner,Corresponding Member
Mr David William Graham RIDLEY,Senior Coroner,Wiltshire and Swindon
Peter A N de Gruchy,Senior Coroner,Corresponding Member
Mr Peter Brunton,Senior Coroner,Ceredigion
Ms Julie Alison Goulding,Senior Coroner,"Sefton, Knowsley and St Helens"
Mr Fergal T. Kelly,Senior Coroner,Corresponding Member
Mr Darren Michael Salter,Senior Coroner,Oxfordshire
Mr Geoffrey Sullivan,Senior Coroner,Hertfordshire
Brian G Sherrard,Senior Coroner,Corresponding Member
Mrs. Linda P. Virgill (PHD),Senior Coroner,Corresponding Member
Mr Timothy William Brennand,Senior Coroner,Greater Manchester West
Peter Ryan,Senior Coroner,Corresponding Member
Mr John Penhale Ellery,Senior Coroner,"Shropshire, Telford and Wrekin"
Ms Megan Pullum,Senior Coroner,Corresponding Member
Ms Megan Pullum,Senior Coroner,Corresponding Member
Dr Eleanor Fitzgerald Loftus,Senior Coroner,Corresponding Member
Miss Clare Bailey,Senior Coroner,Teesside and Hartlepool
Ms Nicola Jane Mundy,Senior Coroner,Yorkshire South East
The Hon. Mr. Justice Colton,Senior Coroner,Corresponding Member
Ciaran MacLoughlin,Senior Coroner,Corresponding Member
Alastair John Trevaskis,Senior Coroner,Corresponding Member
Mr S. McGovern,Senior Coroner,Warwickshire
Ms Caroline Saunders,Senior Coroner,Gwent
Mr Gareth Lewis,Senior Coroner,Carmarthenshire and Pembrokeshire
Miss Maria Dougan,Senior Coroner,Corresponding Member
Ms Fiona King,Acting Coroner,East Sussex
Mrs Victoria Davies,Area Coroner,Cheshire
Ms Yvonne Kathleen Blake,Area Coroner,Norfolk
Mr Oliver Robert Longstaff,Area Coroner,Yorkshire West Eastern
Mrs Joanne Lees,Area Coroner,The Black Country Jurisdiction
Miss Sarah Clarke,Area Coroner,Kent and Medway
Mr Delroy Henry,Area Coroner,Coventry
Mr Paul Michael Appleton,Area Coroner,Manchester City
Mrs Rosamund Rhodes-Kemp,Area Coroner,"Hampshire, Portsmouth and Southampton"
Mr Brendan Joseph Allen,Area Coroner,Dorset
Miss Fiona Jane Gingell,Area Coroner,Staffordshire and Stoke-on-Trent
Mr Chris Morris,Area Coroner,Greater Manchester South
Mr Jacques Howell,Area Coroner,Hertfordshire
Mr Michael James Pemberton,Area Coroner,Greater Manchester West
Ms Joy Michelle Brown OBE,Area Coroner,Essex
Mr Ivan Cartwright,Area Coroner,Leicester City and South Leicestershire
Ms Catherine Wood,Area Coroner,Kent
Mr Peter Anthony (Tony) Murphy,Area Coroner,London North
Ms Hannah Godfrey,Area Coroner,Berkshire
Ms Deborah Archer,Area Coroner,"County of Devon, Plymouth & Torbay"
Mr Simon Milburn,Area Coroner,Cambridgeshire and Peterborough
Mr Zak Golombeck,Area Coroner,Manchester City
Miss Catherine Bisset,Area Coroner,Lancashire and Blackburn with Darwen
Dr Crona Gallagher,Area Coroner,Corresponding Member
Miss Bina Patel,Area Coroner,Kent and Medway
Ms Suzanne Anderson,Area Coroner,Corresponding Member
Ms Elizabeth Gray,Area Coroner,Cambridgeshire and Peterborough
Miss Laurinda Bower,Area Coroner,Nottinghamshire
Ms Catherine Cundy,Area Coroner,North Yorkshire and York
Miss Emma Brown,Area Coroner,Birmingham and Solihull
Ms ANN MARGARET TAYLOR,Area Coroner,Blackpool and Fylde
Miss Jayne Wilkes,Area Coroner,Greater Lincolnshire
Ms Jan Alam,Area Coroner,Yorkshire West Eastern
Mrs SARAH LOUISE SLATER,Area Coroner,Yorkshire South East
Ms Johanna Thompson,Area Coroner,Norfolk
Mrs Alison Longhorn,Area Coroner,"County of Devon, Plymouth & Torbay"
Miss Emma Serrano,Area Coroner,Staffordshire and Stoke-on-Trent
Mrs Patricia Claire Morgan,Area Coroner,South Wales Central
Mr Kimberley Ian Singleton,Area Coroner,Wiltshire and Swindon
Miss Catherine Bisset,Area Coroner,Lancashire and Blackburn with Darwen
Miss Jayne Wilkes,Area Coroner,Greater Lincolnshire
Ms Katrina Hepburn,Area Coroner,Kent
Mrs Anita Bhardwaj,Area Coroner,Liverpool and the Wirral
Mr Grant Davies,Area Coroner,Wiltshire and Swindon
Dr Peter Harrowing,Area Coroner,Avon
Mrs Patricia Claire Morgan,Area Coroner,South Wales Central
Mr Peter Sigee,Area Coroner,Greater Manchester West
Ms Sonia Marie Hayes,Area Coroner,Essex
Miss Lorraine Harris,Area Coroner,East Riding of Yorkshire and Kingston-upon-Hull
Mr Jason Pegg,Area Coroner,"Hampshire, Portsmouth and Southampton"
Mrs Rose farmer,Area Coroner,Gwent
Ms Katrina Hepburn,Area Coroner,Kent
Miss Susan Evans,Area Coroner,Derby and Derbyshire
Mrs Claire Welch,Area Coroner,Retired Member
Mr Grant Davies,Area Coroner,Wiltshire and Swindon
Mr Daniel Howe,Area Coroner,Staffordshire and Stoke-on-Trent
Mr Peter Sigee,Area Coroner,Greater Manchester West
Ms Nadia Persaud,Area Coroner,London East
Ms Catherine McKenna,Area Coroner,Greater Manchester North
Miss Lorraine Harris,Area Coroner,East Riding of Yorkshire and Kingston-upon-Hull
Mrs Emma Mather,Area Coroner,Lancashire and Blackburn with Darwen
Ms Vanessa McKinlay,Area Coroner,Somerset
Rosemary Jane Baxter,Area Coroner,Retired Member
Mr Darren Stewart OBE,Area Coroner,Suffolk
Mrs Joanne Andrews,Area Coroner,"West Sussex, Brighton and Hove"
Dr clare Keane,Area Coroner,Corresponding Member
Mrs Sarah Le Fevre,Assistant Coroner,Gwent
Mr Matthew Stanbury,Assistant Coroner,Yorkshire South East
Mr Crispin Oliver,Assistant Coroner,County Durham and Darlington
Mr Crispin Oliver,Assistant Coroner,County Durham and Darlington
Mr Guy Davies,Assistant Coroner,Cornwall and the Isles of Scilly
Mrs Emma Hillson,Assistant Coroner,Cornwall and the Isles of Scilly
Mrs Helen Rimmer,Assistant Coroner,Liverpool and the Wirral
Ms Marianne Johnson,Assistant Coroner,Greater Lincolnshire
Mr Patrick Cassidy,Assistant Coroner,Blackpool and Fylde
Mr John Hobson,Assistant Coroner,Yorkshire West Eastern
Mrs Deborah Suzanne Rookes,Assistant Coroner,Dorset
Mr Thomas Richard Geoffrey Leeper,Assistant Coroner,Warwickshire
Dr Bridget Dolan KC,Assistant Coroner,"West Sussex, Brighton and Hove"
Ms Mary T Burke,Assistant Coroner,Yorkshire West Western
Mrs Karen Taylor,Assistant Coroner,"West Sussex, Brighton and Hove"
Mr Jonathan Dixey,Assistant Coroner,Northamptonshire
Mrs kirsten heaven,Assistant Coroner,Swansea and Neath Port Talbot
Mr Benjamin John Myers,Assistant Coroner,Greater Manchester South
Mr Mark Andrew Beresford,Assistant Coroner,Yorkshire South
Mr Alan James Blunsdon,Assistant Coroner,Kent and Medway
Mr Andrew David Cousins,Assistant Coroner,Blackpool and Fylde
Ms Sarah Nolan,Assistant Coroner,Derby and Derbyshire
Mrs Sally Anne Robinson,Assistant Coroner,East Riding of Yorkshire and Kingston-upon-Hull
Mrs Priya Malhotra,Assistant Coroner,London Inner West
Miss Bronia Elisabeth Hartley,Assistant Coroner,Greater Manchester West
Mr Xavier Mooyaart,Assistant Coroner,London Inner South
Ms Fleur Hallett,Assistant Coroner,London Inner South
Miss Thea Wilson,Assistant Coroner,Essex
Ms Judith Elizabeth Duffin,Assistant Coroner,Hertfordshire
Miss S DEONARINE,Assistant Coroner,London Inner South
Miss Rebecca Louise Covington,Assistant Coroner,Nottinghamshire
Mr James Edward Thompson,Assistant Coroner,County Durham and Darlington
Miss Sarah Murphy,Assistant Coroner,Staffordshire and Stoke-on-Trent
Mr Stephen Simblet KC,Assistant Coroner,Essex
Mr Martin Douglas Oldham,Assistant Coroner,Retired Member
Dr Daniel Sharpstone,Assistant Coroner,Suffolk
Mr Simon Brenchley,Assistant Coroner,Birmingham and Solihull
Ms Anna Jayne Walsh,Assistant Coroner,Surrey
Mr Stephen Covell,Assistant Coroner,Cornwall and the Isles of Scilly
Mr James Brooks,Assistant Coroner,Corresponding Member
Mrs Nathalie Ann James,Assistant Coroner,Yorkshire South West
Mr Jonathan David Leach,Assistant Coroner,North Yorkshire and York
Dr Margaret Bayes MBE,Assistant Coroner,Corresponding Member
Mr Tom Stoate,Assistant Coroner,Bedfordshire and Luton
Ms Susanna Rickard,Assistant Coroner,Birmingham and Solihull
Miss Laura Nash,Assistant Coroner,Lancashire and Blackburn with Darwen
Dr Shirley Radcliffe,Assistant Coroner,London East
Mr Simon Connolly,Assistant Coroner,County Durham and Darlington
Miss Sunyana Sharma,Assistant Coroner,"Hampshire, Portsmouth and Southampton"
Mr Andrew David Cousins,Assistant Coroner,Blackpool and Fylde
Ms Justine Spencer,Assistant Coroner,Berkshire
Sian Scott Jones,Assistant Coroner,Lancashire and Blackburn with Darwen
Mr Michael Louis Sheridan Mellun,Assistant Coroner,Retired Member
Mr Michael Louis Sheridan Mellun,Assistant Coroner,Retired Member
Mr Sukhdev Garcha,Assistant Coroner,Staffordshire and Stoke-on-Trent
Mr John Taylor,Assistant Coroner,London North
Miss Luisa Maria Nicholson,Assistant Coroner,"County of Devon, Plymouth & Torbay"
Mr Michael Wall,Assistant Coroner,Nottinghamshire
Miss Sophie Cartwright KC,Assistant Coroner,Derby and Derbyshire
Mr Benjamin Haigh,Assistant Coroner,Teesside and Hartlepool
Mr Hassan Shah,Assistant Coroner,Northamptonshire
Miss Lorna Jane Skinner QC,Assistant Coroner,Cambridgeshire and Peterborough
Mrs Marilyn Whittle,Assistant Coroner,Yorkshire South West
SARAH ANNE MARGARET MARTIN,Assistant Coroner,Wolverhampton
Mr Michael Senior Salt,Assistant Coroner,Greater Manchester North
Mr James Healy-Pratt,Assistant Coroner,East Sussex
Mrs Lauren Costello,Assistant Coroner,Greater Manchester South
Mr Sebastian Hugh Joseph Naughton,Assistant Coroner,London South
Miss Charlotte Mary Crangle,Assistant Coroner,Derby and Derbyshire
Mr Christopher Leach,Assistant Coroner,Norfolk
Mr Gavin Knox,Assistant Coroner,South Wales Central
Ms Louise Wiltshire,Assistant Coroner,"County of Devon, Plymouth & Torbay"
Mrs Lindsey Tonks,Assistant Coroner,Staffordshire and Stoke-on-Trent
Mrs Lindsey Tonks,Assistant Coroner,Staffordshire and Stoke-on-Trent
Mrs Dianne Hocking,Assistant Coroner,Leicester City and South Leicestershire
Mr Craig Smith,Assistant Coroner,Cumbria
Dr Karen Henderson,Assistant Coroner,Surrey
Dr Simon Fox QC,Assistant Coroner,Avon
Mr Ian Geoffrey Pears,Assistant Coroner,Yorkshire West Western
Mr Thomas Crookes,Assistant Coroner,Newcastle and North Tyneside
Jonathan Saul Godfrey,Assistant Coroner,Yorkshire South East
Miss Miss Briony Ballard,Assistant Coroner,London Inner South
Mr Nathanael James Hartley,Assistant Coroner,Nottinghamshire
Ms KATY THORNE KC,Assistant Coroner,Berkshire
Mr David Regan,Assistant Coroner,South Wales Central
Mrs Rebecca Sutton,Assistant Coroner,County Durham and Darlington
Ms Paula Sparks,Assistant Coroner,London South
Miss Kate Thomas,Assistant Coroner,Kent and Medway
Ms Ellie Oakley,Assistant Coroner,London Inner West
Mr Xavier Mooyaart,Assistant Coroner,London Inner South
Mr Keith Morton QC,Assistant Coroner,Cambridgeshire and Peterborough
Ms Sophie Lomas,Assistant Coroner,Derby and Derbyshire
Miss Sarah Murphy,Assistant Coroner,Staffordshire and Stoke-on-Trent
Miss Sarah Murphy,Assistant Coroner,Staffordshire and Stoke-on-Trent
Mr Philip Barlow,Assistant Coroner,London Inner South
Mrs Angela Carol Brocklehurst,Assistant Coroner,Yorkshire West Western
Mr Scott McDonnell,Assistant Coroner,Surrey
Ms Gemma Brannigan,Assistant Coroner,Oxfordshire
Miss Laura Fox,Assistant Coroner,Lancashire and Blackburn with Darwen
Mr Jonathan Straw,Assistant Coroner,Nottinghamshire
Mr Mr Roland Wooderson,Assistant Coroner,Herefordshire
Dr M D Dominic Bell,Assistant Coroner,Yorkshire West Western
Robert Edward Stone,Assistant Coroner,
Mrs Sally Morgan,Assistant Coroner,"West Sussex, Brighton and Hove"
J. Nigel Anderson,Assistant Coroner,Derby and Derbyshire
Sir Peter Thornton QC,Assistant Coroner,London City
Ms Sarah Bourke,Assistant Coroner,London Inner North
Mr Jonathan D P Stevens,Assistant Coroner,London Inner North
Mr Simon Brenchley,Assistant Coroner,Birmingham and Solihull
Miss Linda Jacobs,Assistant Coroner,London City
Mrs Charlotte Keighley,Assistant Coroner,Cheshire
Mrs Kiran Chahal-Musgrave,Assistant Coroner,"Hampshire, Portsmouth and Southampton"
Mr Robert Cohen,Assistant Coroner,Cumbria
Mr Robert Cohen,Assistant Coroner,Cumbria
Mr Jonathan Dixey,Assistant Coroner,Northamptonshire
Miss Jane Eatock,Assistant Coroner,Greater Lincolnshire
Miss Louise E Rae,Assistant Coroner,Blackpool and Fylde
Mr Ian Mullarkey,Assistant Coroner,Yorkshire South East
Arthur Joseph Pim,Assistant Coroner,Retired Member
Mr Gordon Clow,Assistant Coroner,Nottinghamshire
Miss ana samuel,Assistant Coroner,Birmingham and Solihull
Mr Ian Brownhill,Assistant Coroner,Kent and Medway
Mr james puzey,Assistant Coroner,Worcestershire
Mrs Rebecca Connell,Assistant Coroner,Yorkshire South West
Ms Sally Hatfield,Assistant Coroner,Manchester City
Helen Daly,Assistant Coroner,London North
Dr Marc Lindsey Leeming,Assistant Coroner,Southend (No 2)
Ms Judith Elizabeth Duffin,Assistant Coroner,Hertfordshire
Miss Lisa Judge,Assistant Coroner,Greater Manchester West
Mrs LINDA KAREN HADFIELD LEE,Assistant Coroner,Coventry
Dr Sam Bass,Assistant Coroner,Cambridgeshire and Peterborough
Mr Nick Seán Stanage,Assistant Coroner,Manchester City
Miss Alison McCormick,Assistant Coroner,Berkshire
Ms Katy Ainge,Assistant Coroner,Liverpool and the Wirral
Ms Susan Ridge,Assistant Coroner,Surrey
Dr Rashid Sohail,Assistant Coroner,Manchester City
Mr David Manknell KC,Assistant Coroner,London Inner South
Ms Sally Olsen,Assistant Coroner,"Hampshire, Portsmouth and Southampton"
J. Nigel Anderson,Assistant Coroner,Derby and Derbyshire
Miss Janine Richards,Assistant Coroner,County Durham and Darlington
Mr Ivor Collett,Assistant Coroner,London West
Mrs Michaela Amy Blackmore,Assistant Coroner,Warwickshire
Dr Séan Cummings,Assistant Coroner,Milton Keynes
Mrs Michaela Amy Blackmore,Assistant Coroner,Warwickshire
Dr Séan Cummings,Assistant Coroner,Milton Keynes
Miss Deborah Sewell,Assistant Coroner,Warwickshire
Mrs kirsten heaven,Assistant Coroner,Swansea and Neath Port Talbot
Miss S DEONARINE,Assistant Coroner,London Inner South
Mr Anthony Mazzag,Assistant Coroner,Manchester City
Mr Ian Christopher James Dreelan,Assistant Coroner,Birmingham and Solihull
Miss Sarah Jane Wood,Assistant Coroner,Nottinghamshire
Mr David Julian Rosenberg,Assistant Coroner,East Riding of Yorkshire and Kingston-upon-Hull
Dr Nicholas Alastair Shaw,Assistant Coroner,Cumbria
Mr James Edward Thompson,Assistant Coroner,County Durham and Darlington
Mrs Hannah Victoria Berry,Assistant Coroner,Yorkshire South West
Dr Shirley Radcliffe,Assistant Coroner,London East
Mr Edward Ramsay,Assistant Coroner,Swansea and Neath Port Talbot
Mr christopher paul williams,Assistant Coroner,London Inner South
Mr Stephen Covell,Assistant Coroner,Cornwall and the Isles of Scilly
Ms Alicia Keen,Assistant Coroner,"West Sussex, Brighton and Hove"
Ms Karen Dempsey,Assistant Coroner,London South
Mr Kevin Baumber,Assistant Coroner,Hertfordshire
Peter Charles Gore,Assistant Coroner,Yorkshire South East
Ms Karen Dempsey,Assistant Coroner,London South
Mr Kevin Baumber,Assistant Coroner,Hertfordshire
Mr Martin Douglas Oldham,Assistant Coroner,Retired Member
Mr Andrew Morse,Assistant Coroner,South Wales Central
Miss Jessica Swift,Assistant Coroner,East Riding of Yorkshire and Kingston-upon-Hull
Mr Tim Holloway,Assistant Coroner,Blackpool and Fylde
Mr Ian Potter,Assistant Coroner,London Inner North
Mr John Taylor,Assistant Coroner,London North
Mr Richard Thomas Middleton,Assistant Coroner,Dorset
Mr James Brooks,Assistant Coroner,Corresponding Member
Miss Amanda Jane Bewley,Assistant Coroner,Nottinghamshire
Ms Sabina Khan,Assistant Coroner,London Inner West
Ms Saoirse Townshend,Assistant Coroner,Bedfordshire and Luton
Mr Michael Walsh,Assistant Coroner,Oxfordshire
Ms Hannah Hinton,Assistant Coroner,London West
Miss Rachel Young,Assistant Coroner,Greater Lincolnshire
Ms Nicola Jones,Assistant Coroner,Retired Member
Dr Leslie Hamilton,Assistant Coroner,County Durham and Darlington
Ms Gilva Dagmar Jane Tisshaw,Assistant Coroner,Brighton and Hove
Mrs Anna Loxton,Assistant Coroner,Surrey
Mrs Anna Loxton,Assistant Coroner,Surrey
Ms Caroline Cross,Assistant Coroner,London Inner South
Mr Andrew Perfect,Assistant Coroner,London North
Mr Stephen Peter Teasdale,Assistant Coroner,Greater Manchester West
Mr Simon Nicholas Burge,Assistant Coroner,"Hampshire, Portsmouth and Southampton"
Miss Sian Reeves,Assistant Coroner,London South
Mr Adam Hodson,Assistant Coroner,Birmingham and Solihull
Mrs Li Hammond Naylor,Assistant Coroner,Staffordshire and Stoke-on-Trent
Mr Rob Sowersby,Assistant Coroner,Avon
Miss Isobel Thistlethwaite,Assistant Coroner,Leicester City and South Leicestershire
Mrs Katy Dickinson,Assistant Coroner,Yorkshire South West
Kevin Paul Eastwick,Assistant Coroner,Essex
Ms Tina Amanda Harrington,Assistant Coroner,Essex
Dr Nick Armstrong KC,Assistant Coroner,"West Sussex, Brighton and Hove"
Dr Frances Mary Cranfield,Assistant Coroner,Hertfordshire
Dr Richard Ian Brittain,Assistant Coroner,London Inner North
Miss Rachel Raheela Syed,Assistant Coroner,Greater Manchester West
Miss Elizabeth Dudley-Jones,Assistant Coroner,North Wales (East & Central)
Mr Alexander Miles Frodsham,Assistant Coroner,Cheshire
Ms Victoria Alexandra Webb,Assistant Coroner,London South
Richard Baker,Assistant Coroner,Yorkshire South East
Mrs Priya Malhotra,Assistant Coroner,London Inner West
Mr David John John Sapiecha,Assistant Coroner,Somerset
Ms Anita Davies,Assistant Coroner,Cambridgeshire and Peterborough
Mr Simon Tait,Assistant Coroner,Yorkshire South East
Sara Sutherland,Assistant Coroner,Lancashire and Blackburn with Darwen
Miss Anna Crawford,Assistant Coroner,Surrey
Miss Sarah Valentine,Assistant Coroner,London Inner South
Ms Valerie Charbit,Assistant Coroner,London West
Mr Philip Anthony Holden,Assistant Coroner,Yorkshire West Eastern
Miss Kirsten Mercer,Assistant Coroner,Newcastle and North Tyneside
Mr David Pojur,Assistant Coroner,North Wales (East & Central)
Mr Nicholas Moss QC,Assistant Coroner,Cambridgeshire and Peterborough
Mrs Jean Harkin,Assistant Coroner,Cheshire
Timothy H Ratcliffe,Assistant Coroner,Yorkshire West Western
Mr Alan James Blunsdon,Assistant Coroner,Kent and Medway
Mr James Maxwell-Scott KC,Assistant Coroner,Hertfordshire
Mr Gareth jones,Assistant Coroner,"West Sussex, Brighton and Hove"
Mr Mike Bird,Assistant Coroner,"County of Devon, Plymouth & Torbay"
Mr Mr P J Bennett,Assistant Coroner,Carmarthenshire and Pembrokeshire
Ms Saba Naqshbandi,Assistant Coroner,London Inner North
Mrs Alison Norton,Assistant Coroner,North Yorkshire and York
Ms Judith Vanessa Leach,Assistant Coroner,Oxfordshire
Thomas Victor Laffey,Assistant Coroner,Gateshead and South Tyneside
Mrs Elizabeth Megan Brown,Assistant Coroner,Nottinghamshire
Mr Henry Frederick Charles,Assistant Coroner,"Hampshire, Portsmouth and Southampton"
Dr Frances Mary Cranfield,Assistant Coroner,Hertfordshire
Mr Edward Steele,Assistant Coroner,East Riding of Yorkshire and Kingston-upon-Hull
Mr Tim Suter,Assistant Coroner,Berkshire
Ms Laura Stephenson,Assistant Coroner,London South
Mrs LOUISA ALICE ELIZABETH JONES CORCORAN,Assistant Coroner,Ceredigion
Ms Rebecca Ollivere,Assistant Coroner,Birmingham and Solihull
Miss Michelle Haste,Assistant Coroner,London Inner South
Laura Wendy Johnson,Assistant Coroner,London East
Mr Benjamin John Myers,Assistant Coroner,Greater Manchester South
Mr Ian Arrow,Assistant Coroner,London West
Miss Sarah Riley,Assistant Coroner,North West Wales
Ms Anna Morris,Assistant Coroner,Greater Manchester South
Mr Carl John FITCH,Assistant Coroner,Yorkshire South West
Ms Mary T Burke,Assistant Coroner,Yorkshire West Western
Dr Margaret Bayes MBE,Assistant Coroner,Corresponding Member
Ms Jyoti Gill,Assistant Coroner,Greater Manchester South
Miss Janine Wolstenholme,Assistant Coroner,Yorkshire West Eastern
Ms Melanie Lee,Assistant Coroner,London Inner North
Mr Chris Murray,Assistant Coroner,Greater Manchester South
Ms Angharad Davies,Assistant Coroner,Manchester City
Mr Matthew Kewley,Assistant Coroner,Derby and Derbyshire
Ms Leila Benyounes,Assistant Coroner,Gateshead and South Tyneside
Ms Jenny Goldring,Assistant Coroner,London Inner South
Mr Colin Phillips,Assistant Coroner,Swansea and Neath Port Talbot
Ms Jenny Goldring,Assistant Coroner,London Inner South
John Ryan,Assistant Coroner,Coventry
Miss Neena Sharma,Assistant Coroner,Nottinghamshire
Mrs Emma Morris,Assistant Coroner,"Hampshire, Portsmouth and Southampton"
Ms Rachel Spearing,Assistant Coroner,"Hampshire, Portsmouth and Southampton"
Mr James Hargan,Assistant Coroner,East Riding of Yorkshire and Kingston-upon-Hull
Miss Ceri Iona Evan Owen,Assistant Coroner,Greater Manchester West
Miss S DEONARINE,Assistant Coroner,London Inner South
Mr Andrew Michael Bridgman,Assistant Coroner,Greater Manchester South
Mr Duncan Ritchie,Assistant Coroner,Staffordshire and Stoke-on-Trent
Ms Heather Williams,Assistant Coroner,Retired Member
Miss Clare Doherty,Assistant Coroner,Blackpool and Fylde
Ms Kate Fawell-Comley,Assistant Coroner,"West Sussex, Brighton and Hove"
Ms Sophie Kate Mortimer,Assistant Coroner,Hertfordshire
Mr Ian Arrow,Assistant Coroner,London West
Mrs Jo Wharton,Assistant Coroner,Teesside and Hartlepool
Mr Stephen Simblet KC,Assistant Coroner,Essex
Miss Helena Gallagher,Assistant Coroner,Yorkshire West Eastern
Mr Nadim Bashir,Assistant Coroner,Yorkshire East
Ms Alexandra Pountney,Assistant Coroner,Yorkshire South West
Ms Alexandra Pountney,Assistant Coroner,Yorkshire South West
Mr Martin Douglas Oldham,Assistant Coroner,Retired Member
Miss Thea Wilson,Assistant Coroner,Essex
Mr Tony Badenoch,Assistant Coroner,London Inner South
Mr Scott Matthewson,Assistant Coroner,Kent and Medway
Mr Robert Simpson,Assistant Coroner,Berkshire
Mr Edmund Gritt,Assistant Coroner,London South
Miss Sabyta Kaushal,Assistant Coroner,Derby and Derbyshire
SARAH ANNE MARGARET MARTIN,Assistant Coroner,Wolverhampton
Mrs Laura May Bradford,Assistant Coroner,East Sussex
Arthur Joseph Pim,Assistant Coroner,Retired Member
Ms AMANDA CLAIRE HILL,Assistant Coroner,Yorkshire West Western
Mr Philip Vollans,Assistant Coroner,Staffordshire and Stoke-on-Trent
Mrs Julie Mitchell,Assistant Coroner,Greater Manchester North
Mr J Mark Layton,Assistant Coroner,Ceredigion
Mrs Karen Taylor,Assistant Coroner,"West Sussex, Brighton and Hove"
Mrs Gaynor Kynaston,Assistant Coroner,South Wales Central
Dr Karen Henderson,Assistant Coroner,Surrey
Miss CARLY ELIZABETH HENLEY,Assistant Coroner,Northumberland North
Miss Hannah Mettam,Assistant Coroner,Nottinghamshire
Mr Richard G Taylor,Assistant Coroner,Lancashire
Mrs Caroline Chandler,Assistant Coroner,Yorkshire West Western
Miss Rachel Elisabeth Knight,Assistant Coroner,South Wales Central
Miss Sarah Anna Middleton,Assistant Coroner,East Riding of Yorkshire and Kingston-upon-Hull
Dr Gill Kane,Assistant Coroner,North Yorkshire and York
Mr John Joseph Buckley,Assistant Coroner,Warwickshire
Mr Jake Taylor,Assistant Coroner,London Inner West
Ms jessica russell-mitra,Assistant Coroner,Retired Member
Dr Liliane Marthe Field,Assistant Coroner,London Inner South
Ms Samantha Broadfoot,Assistant Coroner,Cambridgeshire and Peterborough
Mr Adam Smith,Assistant Coroner,Milton Keynes
Mr David Lewis,Assistant Coroner,Liverpool and the Wirral
Mr Neil Cameron,Assistant Coroner,Yorkshire South East
Mrs Krestina Hayes,Assistant Coroner,Surrey
Ms Angela Woolnough,Assistant Coroner,Coventry
Ms Fleur Hallett,Assistant Coroner,London Inner South
Mr Peter Taheri,Assistant Coroner,Suffolk
Mrs Sally Anne Robinson,Assistant Coroner,East Riding of Yorkshire and Kingston-upon-Hull
Ms Tina Amanda Harrington,Assistant Coroner,Essex
Dr Daniel Sharpstone,Assistant Coroner,Suffolk
Ms Myfanwy Buckeridge,Assistant Coroner,Avon
Mr Jonathan David Leach,Assistant Coroner,North Yorkshire and York
Miss Kelly Elizabeth Dixon,Assistant Coroner,The Black Country Jurisdiction
Mr Simon Nicholas Burge,Assistant Coroner,"Hampshire, Portsmouth and Southampton"
Mr Nicholas Graham,Assistant Coroner,Oxfordshire
Mr Joseph Hart,Assistant Coroner,Liverpool and the Wirral
Mrs Elizabeth Wheeler,Assistant Coroner,Cheshire
Dr Patricia Londono,Assistant Coroner,London South
Mr Paul John Rogers,Assistant Coroner,London Inner West
Miss Kerrie Burge,Assistant Coroner,South Wales Central
Miss Naomi McLoughlin,Assistant Coroner,Yorkshire West Eastern
Mr Roger William Elsey,Judge Coroner,Corresponding Member
Mrs Deborah Ann,Judge Coroner,Corresponding Member
Mr Paul B Matthews,Judge Coroner,Retired Member
HHJ Mark Lucraft QC,Judge Coroner,Honorary Member
John Goldring,Judge Coroner,Yorkshire South East
Mr Nicholas Sanders,Judge Coroner,Corresponding Member
Mr Graeme Dewar McKerrell,Judge Coroner,Corresponding Member
Lord Burnett of Maldon,Judge Coroner,Honorary Member
Mr Alan Peter Walsh,Former Coroner,Retired Member
Mr HG Mark Bricknell,Former Coroner,Retired Member
Mr Sheriff S Payne,Former Coroner,Retired Member
Mr Alan Peter Walsh,Former Coroner,Retired Member
Dr David J Osborne,Former Coroner,Retired Member
Michael R Rose,Former Coroner,Retired Member
Mr Roger Linton Hatch,Former Coroner,Retired Member
J Stewart Atkinson,Former Coroner,Retired Member
Peter Gerard Ashworth,Former Coroner,Retired Member
Lawrence S Addicott,Former Coroner,Retired Member
Richard M Whittington,Former Coroner,Retired Member
Miss Veronica HAMILTON-DEELEY,Former Coroner,Retired Member
Ms Maureen Taylor,Former Coroner,Retired Member
Ms Lisa Jeanette Hashmi,Former Coroner,Retired Member
William R Morris,Former Coroner,Retired Member
Robert William Wilson,Former Coroner,Retired Member
David M Halpern,Former Coroner,Retired Member
Mr Grahame Antony Short,Former Coroner,Retired Member
Michael T Gwynne,Former Coroner,Retired Member
Dr Murray James Spittal,Former Coroner,Retired Member
Mr Peter J Bedford,Former Coroner,Retired Member
Mr C W Johnson,Former Coroner,Retired Member
Mr Andrew Adrian Haigh,Former Coroner,Retired Member
D Hinchliff,Former Coroner,Retired Member
D C Masters,Former Coroner,Retired Member
Mr Sheriff S Payne,Former Coroner,Retired Member
Dr James Adeley,Former Coroner,Retired Member
Miss Alison M Thompson MBE,Former Coroner,Retired Member
Mr V F Round,Former Coroner,Retired Member
Peter Gerard Ashworth,Former Coroner,Retired Member
Mr Dewi Pritchard Jones,Former Coroner,Retired Member
Eric Armstrong,Former Coroner,Retired Member
Mr Stuart P G Fisher,Former Coroner,Retired Member
Mr HG Mark Bricknell,Former Coroner,Retired Member
Dr Peter Dean,Former Coroner,Retired Member
Dr David J Osborne,Former Coroner,Retired Member
Mr SIMON NELSON,Former Coroner,Greater Manchester West
Michael R Rose,Former Coroner,Retired Member
James M Symington,Former Coroner,Retired Member
Mr Roger Linton Hatch,Former Coroner,Retired Member
Hamish M Turner,Former Coroner,Retired Member
Wm J Armstrong OBE,Former Coroner,Retired Member
Lawrence S Addicott,Former Coroner,Retired Member
Mr DAVID LLEWELYN ROBERTS,Former Coroner,Retired Member
Keith St John Wiseman,Former Coroner,Retired Member
Dr Peter Dean,Former Coroner,Retired Member
Richard M Whittington,Former Coroner,Retired Member
Mr Paul Kelly,Former Coroner,Retired Member
Mr Christopher Kent Sumner,Former Coroner,Retired Member
Dr Alexander Robert Walker Forrest,Former Coroner,Retired Member
Mr Ian G McCreath M.B.E.,Former Coroner,Retired Member
Hamish M Turner,Former Coroner,Retired Member
Mr C. Brian Gallon,Former Coroner,Retired Member
Dr Paul A Knapman,Former Coroner,Retired Member
Richard J Allen,Former Coroner,Wolverhampton
Mr John C Taylor,Former Coroner,Retired Member
Miss Wendy James,Former Coroner,Retired Member
Mr John Matthews,Former Coroner,Retired Member
David Mitford,Former Coroner,Retired Member
Mr Paul Stanford Cooper,Former Coroner,Retired Member
Mr Rob Turnbull,Former Coroner,Retired Member
Michael J F Sheffield,Former Coroner,Retired Member
Mr Peter Judge,Former Coroner,Corresponding Member
Anthony F T Sibcy,Former Coroner,Retired Member
Mr Michael Singleton,Former Coroner,Retired Member
Mr Andrew M Bradley,Former Coroner,Retired Member
Mr Andrew Harris,Former Coroner,Retired Member
Rodney H G Corner MBE,Former Coroner,Retired Member
Keith M Dowding,Former Coroner,Retired Member
P M Walters,Former Coroner,Retired Member
E Stanley Hooper,Former Coroner,Retired Member
Mr David Clark Horsley,Former Coroner,Retired Member
Richard A Hulett,Former Coroner,Retired Member
Nigel D Chapman,Former Coroner,Retired Member
Mr Edward G Thomas,Former Coroner,Retired Member
"Mr Michael J C Burgess CVO, OBE",Retired/Honorary members,Retired Member
Miss Lynette Hill,Retired/Honorary members,Honorary Member
Mr Tony Brown,Retired/Honorary members,Retired Member
Dr Roy N Palmer,Retired/Honorary members,Retired Member
Mrs Becky Gunning,Retired/Honorary members,Honorary Member
Mr Geoffrey M. Saul,Retired/Honorary members,Retired Member
Mr Roger J Sykes,Retired/Honorary members,Retired Member
Mr Raymond Hemingray,Retired/Honorary members,Honorary Member
Mr Alan R Craze,Retired/Honorary members,Retired Member
Dr William F G Dolman,Retired/Honorary members,Retired Member
N G Gardiner,Retired/Honorary members,Retired Member
Mr Robert Chapman,Retired/Honorary members,Retired Member
William R Knowles,Retired/Honorary members,Retired Member
HHJ Edward Thomas Henry Teague QC,Retired/Honorary members,Honorary Member
Mr Derek Winter DL OBE,Retired/Honorary members,Retired Member
Mr T H Kirkman,Retired/Honorary members,Retired Member
Mr James Parker,Retired/Honorary members,Honorary Member
Mr Christopher Dorries,Retired/Honorary members,Retired Member
Mrs Caroline Beasley-Murray OBE,Retired/Honorary members,Retired Member
Mr DAVID MORRIS,Retired/Honorary members,Retired Member
Mr Ian Smith,Retired/Honorary members,Retired Member
Dr Robert Hunter,Retired/Honorary members,Retired Member
Leslie Sommer,Retired/Honorary members,Honorary Member
Ms Selena R Lynch,Retired/Honorary members,Retired Member
Mr Thomas LUCE,Retired/Honorary members,Honorary Member
Dr John Leckey,Retired/Honorary members,Honorary Member
Ms Rebecca Margaret COBB,Retired/Honorary members,Retired Member
Mr Michael F Coker MBE,Retired/Honorary members,Retired Member
Mr Andrew Tweddle,Retired/Honorary members,Retired Member
Ms Henrietta Hill QC,Retired/Honorary members,Honorary Member
Ms Denise J Bruce,Fiscal,Corresponding Member
Mr Geoffrey Main,Fiscal,Corresponding Member
David B Harvie,Fiscal,Corresponding Member
Mr Andy Shanks,Fiscal,Corresponding Member
Miss Jennifer Forbes,Fiscal,Corresponding Member
Mr David Crawford,Fiscal,Corresponding Member
Mrs Katrina Parkes,Fiscal,Corresponding Member
Mrs Jemma Eadie,Fiscal,Corresponding Member
Mrs Viki Yuille,Fiscal,Corresponding Member
Miss Stephanie Blair,Fiscal,Corresponding Member
Mr David S. A. Green,Fiscal,Corresponding Member
Ms Karima Stewart,Fiscal,Corresponding Member
Ms Selena Brown,Fiscal,Corresponding Member
Mr Joseph Kelly,Corresponding Member,Corresponding Member
Ms Rebecca Lynne Cubbon,Corresponding Member,Corresponding Member
Mr Brian O'Connor,Corresponding Member,Corresponding Member
Dr Mary McCaffrey,Corresponding Member,Corresponding Member